area,city,state
Knight Park/Howell Station,Atlanta,GA
Berkeley Park,Atlanta,GA
Blandtown,Atlanta,GA
Atlantic Station,Atlanta,GA
Georgia Tech,Atlanta,GA
Tech Square,Atlanta,GA
English Avenue,Atlanta,GA
Bankhead,Atlanta,GA
Home Park,Atlanta,GA
Sono,Atlanta,GA
Old Fourth Ward,Atlanta,GA
Midtown,Atlanta,GA
Ansley Park,Atlanta,GA
Piedmont Heights,Atlanta,GA
Virginia-Highlands,Atlanta,GA
Atkins Park,Atlanta,GA
Poncey-Highlands,Atlanta,GA
Inman Park,Atlanta,GA
Sweet Auburn,Atlanta,GA
Cabbagetown,Atlanta,GA
Little Five Points,Atlanta,GA
Edgewood,Atlanta,GA
Grant Park,Atlanta,GA
Reynoldstown,Atlanta,GA
Glenwood Park,Atlanta,GA
East Atlanta Village,Atlanta,GA
Candler Park,Atlanta,GA